{
  "centroid_a": [
    65364.399999999994,
    42061.175
  ],
  "centroid_b": [
    14069.613,
    36997.24075
  ],
  "scaling": 0.9996939023365224,
  "rotation": [
    [
      0.0012872516659183653,
      -0.9999991714912309
    ],
    [
      0.999999171491231,
      0.0012872516659182542
    ]
  ]
}