{
  "centroid_a": [
    13924.542666666668,
    37132.16166666667
  ],
  "centroid_b": [
    65621.86666666667,
    40767.166666666664
  ],
  "scaling": 1.0004094590757535,
  "rotation": [
    [
      -0.0004926330309586099,
      0.999999878656341
    ],
    [
      -0.9999998786563411,
      -0.0004926330309583775
    ]
  ]
}