{
  "centroid_a": [
    65364.399999999994,
    42061.175
  ],
  "centroid_b": [
    65364.399999999994,
    42061.175
  ],
  "scaling": 1.0,
  "rotation": [
    [
      0.9999999999999999,
      0.0
    ],
    [
      0.0,
      1.0000000000000002
    ]
  ]
}