{
  "centroid_a": [
    14069.613,
    36997.24075
  ],
  "centroid_b": [
    14069.613,
    36997.24075
  ],
  "scaling": 1.0,
  "rotation": [
    [
      1.0000000000000002,
      1.6653345369377348e-16
    ],
    [
      -5.551115123125783e-17,
      1.0
    ]
  ]
}