{"calibrate_a_position_file":"argolight_marks.czstm","calibrate_a_positions":[[66364.9,43062.9],[64365.4,43063.4],[64364.5,41058.9],[66362.8,41059.5]],"calibrate_b_position_file":"Argolight_Marks.czstm","calibrate_b_positions":[[13069.766,38000.514],[13070.146,35998.993],[15067.51,35993.183],[15071.03,37996.273]],"transform":{"centroid_a":[65364.399999999994,42061.175],"centroid_b":[14069.613,36997.24075],"scaling":0.9996939023365224,"rotation":[[0.0012872516659183653,-0.9999991714912309],[0.999999171491231,0.0012872516659182542]]},"relocate_position_file":"Selfmade_Marks.czstm","relocate_positions":[[9601.194,41018.668],[18417.051,41397.663],[14560.501,32436.804]],"selected_transform":{"centroid_a":[65364.399999999994,42061.175],"centroid_b":[14069.613,36997.24075],"scaling":0.9996939023365224,"rotation":[[0.0012872516659183653,-0.9999991714912309],[0.999999171491231,0.0012872516659182542]]}}